City_ID,City,Country,Date,Lat,Lng,Max Temp,Humidity,Cloudiness,Wind Speed
0,Bredasdorp,ZA,2022-11-13 20:12:03,-34.5322,20.0403,59.23,82,0,1.83
1,East London,ZA,2022-11-13 20:12:04,-33.0153,27.9116,64.0,76,5,12.28
2,Ushuaia,AR,2022-11-13 20:12:04,-54.8,-68.3,56.86,47,20,13.8
3,Bluff,NZ,2022-11-13 20:12:04,-46.6,168.3333,49.64,78,25,6.64
4,Hithadhoo,MV,2022-11-13 20:12:05,-0.6,73.0833,81.25,77,100,13.42
5,Cabo San Lucas,MX,2022-11-13 20:08:39,22.8909,-109.9124,82.62,65,40,11.5
6,Airai,TL,2022-11-13 20:10:56,-8.9266,125.4092,61.47,90,100,1.48
7,Santiago Del Estero,AR,2022-11-13 20:12:05,-27.7951,-64.2615,80.47,38,16,14.81
8,Srednekolymsk,RU,2022-11-13 20:12:06,67.45,153.6833,-18.26,94,99,2.33
9,Albany,US,2022-11-13 20:10:52,42.6001,-73.9662,45.95,66,77,1.01
10,Saint George,US,2022-11-13 20:07:17,37.1041,-113.5841,48.43,48,100,4.0
11,Jamestown,US,2022-11-13 20:12:06,42.097,-79.2353,35.71,78,100,10.36
12,Vanimo,PG,2022-11-13 20:12:07,-2.6741,141.3028,77.67,89,98,3.56
13,Inta,RU,2022-11-13 20:12:07,66.0317,60.1659,14.2,96,100,3.56
14,Souillac,MU,2022-11-13 20:09:49,-20.5167,57.5167,72.7,72,0,3.78
15,Busselton,AU,2022-11-13 20:12:07,-33.65,115.3333,47.26,84,0,9.69
16,Luderitz,NA,2022-11-13 20:12:08,-26.6481,15.1594,63.0,72,0,17.72
17,Arlit,NE,2022-11-13 20:12:08,18.7369,7.3853,75.87,17,12,12.44
18,Castro,BR,2022-11-13 20:10:28,-24.7911,-50.0119,71.35,77,62,11.99
19,Limbang,MY,2022-11-13 20:12:09,4.75,115.0,77.11,97,100,1.5
20,Tuktoyaktuk,CA,2022-11-13 20:12:09,69.4541,-133.0374,15.8,92,100,6.91
21,Karla,EE,2022-11-13 20:12:09,59.3723,24.9275,42.76,87,0,3.44
22,Atuona,PF,2022-11-13 20:08:34,-9.8,-139.0333,77.54,79,5,19.08
23,Eenhana,NA,2022-11-13 20:12:10,-17.4667,16.3333,74.73,14,3,6.71
24,Port Alfred,ZA,2022-11-13 20:12:10,-33.5906,26.891,57.18,89,4,10.96
25,Carnarvon,AU,2022-11-13 20:12:10,-24.8667,113.6333,67.14,69,0,17.02
26,Chipata,ZM,2022-11-13 20:12:11,-13.6333,32.65,76.62,43,100,3.83
27,Lebu,CL,2022-11-13 20:12:11,-37.6167,-73.65,58.98,81,35,10.87
28,Santa Cruz,BO,2022-11-13 20:11:30,-17.8,-63.1667,90.86,52,40,19.57
29,Zyryanka,RU,2022-11-13 20:12:12,65.75,150.85,-27.83,96,30,7.11
30,Chokurdakh,RU,2022-11-13 20:08:33,70.6333,147.9167,-30.59,100,91,5.19
31,Tomatlan,MX,2022-11-13 20:12:12,19.9333,-105.25,86.09,46,4,6.87
32,Georgetown,MY,2022-11-13 20:10:43,5.4112,100.3354,80.24,91,40,0.0
33,Hastings,GB,2022-11-13 20:12:12,50.8552,0.5729,55.78,94,36,10.4
34,Doka,SD,2022-11-13 20:12:13,13.5167,35.7667,81.32,42,0,8.48
35,Yellowknife,CA,2022-11-13 20:07:59,62.456,-114.3525,26.56,92,7,5.01
36,Ribeira Grande,PT,2022-11-13 20:12:13,38.5167,-28.7,64.8,72,40,17.27
37,Sitka,US,2022-11-13 20:12:14,57.0531,-135.33,48.09,93,100,10.36
38,Hermanus,ZA,2022-11-13 20:12:14,-34.4187,19.2345,55.8,84,0,3.29
39,Dikson,RU,2022-11-13 20:12:14,73.5069,80.5464,-3.6,100,100,8.77
40,Itarema,BR,2022-11-13 20:12:15,-2.9248,-39.9167,81.28,75,6,17.45
41,Bethel,US,2022-11-13 20:12:15,41.3712,-73.414,52.54,58,100,12.66
42,Shemgang,BT,2022-11-13 20:12:15,27.2169,90.6579,43.2,87,5,5.21
43,Sylva,RU,2022-11-13 20:12:16,58.0348,56.7635,29.57,78,100,11.16
44,Preobrazheniye,RU,2022-11-13 20:12:16,42.9019,133.9064,29.79,66,1,4.79
45,Hilo,US,2022-11-13 20:08:19,19.7297,-155.09,81.1,71,75,9.22
46,San Carlos,VE,2022-11-13 20:12:16,9.6612,-68.5827,81.77,83,97,2.1
47,Verkh-Usugli,RU,2022-11-13 20:13:17,52.7,115.1667,5.4,97,19,2.8
48,Sault Sainte Marie,CA,2022-11-13 20:09:36,46.5168,-84.3333,30.49,55,100,8.05
49,Punta Arenas,CL,2022-11-13 20:13:17,-53.15,-70.9167,62.71,34,40,14.97
50,Stornoway,GB,2022-11-13 20:13:18,58.2093,-6.3865,57.16,81,99,12.66
51,Arraial Do Cabo,BR,2022-11-13 20:09:29,-22.9661,-42.0278,78.66,73,20,12.66
52,Goianesia,BR,2022-11-13 20:13:18,-15.3175,-49.1175,83.05,51,100,4.7
53,Vaini,TO,2022-11-13 20:13:19,-21.2,-175.2,75.11,89,100,24.25
54,Krasnoselkup,RU,2022-11-13 20:13:19,65.7,82.4667,-14.03,87,5,9.6
55,Qaanaaq,GL,2022-11-13 20:13:19,77.484,-69.3632,1.74,97,100,4.47
56,Aleksandrovskoye,RU,2022-11-13 20:13:20,44.7142,43.0008,48.51,76,73,27.92
57,Rikitea,PF,2022-11-13 20:13:20,-23.1203,-134.9692,74.73,88,97,17.18
58,Broken Hill,AU,2022-11-13 20:11:04,-31.95,141.4333,56.43,66,73,24.09
59,Port-Gentil,GA,2022-11-13 20:13:20,-0.7193,8.7815,80.56,89,40,10.36
60,Kirundo,BI,2022-11-13 20:13:21,-2.5833,30.1667,63.25,93,100,2.06
61,Dossor,KZ,2022-11-13 20:13:21,47.5272,52.9811,44.65,67,8,23.38
62,Baykit,RU,2022-11-13 20:13:21,61.67,96.37,2.17,95,100,8.57
63,Barrow,US,2022-11-13 20:13:22,71.2906,-156.7887,21.22,63,100,11.5
64,Pak Chong,TH,2022-11-13 20:13:22,14.708,101.4161,71.56,93,70,3.24
65,Mar Del Plata,AR,2022-11-13 20:13:23,-38.0023,-57.5575,68.83,94,100,13.8
66,Saskylakh,RU,2022-11-13 20:13:23,71.9167,114.0833,-6.47,95,100,11.63
67,Buala,SB,2022-11-13 20:10:58,-8.145,159.5921,80.17,76,67,3.76
68,Hobart,AU,2022-11-13 20:13:23,-42.8794,147.3294,54.05,98,75,4.61
69,Kamenka,RU,2022-11-13 20:13:24,51.3223,42.7678,40.51,72,98,22.01
70,Tuatapere,NZ,2022-11-13 20:13:24,-46.1333,167.6833,52.57,88,67,3.94
71,Geraldton,AU,2022-11-13 20:13:24,-28.7667,114.6,54.01,82,4,8.05
72,Bayanday,RU,2022-11-13 20:13:25,53.0661,105.5139,14.14,93,45,1.12
73,Avarua,CK,2022-11-13 20:13:25,-21.2078,-159.775,75.25,57,20,10.36
74,Butaritari,KI,2022-11-13 20:13:25,3.0707,172.7902,79.81,75,100,13.62
75,Nabire,ID,2022-11-13 20:13:26,-3.3667,135.4833,75.58,93,100,4.0
76,Coffs Harbour,AU,2022-11-13 20:12:26,-30.3,153.1333,73.36,73,40,14.97
77,Kodiak,US,2022-11-13 20:13:01,57.79,-152.4072,38.71,81,100,17.27
78,Aban,RU,2022-11-13 20:13:26,56.67,96.06,33.42,89,100,13.82
79,Port Hardy,CA,2022-11-13 20:13:26,50.6996,-127.4199,44.94,83,86,2.15
80,Antalaha,MG,2022-11-13 20:13:27,-14.9003,50.2788,69.55,88,7,5.75
81,Lieksa,FI,2022-11-13 20:11:51,63.3167,30.0167,31.95,85,9,4.18
82,Burshtyn,UA,2022-11-13 20:13:27,49.2587,24.6278,41.92,90,59,2.84
83,San Patricio,US,2022-11-13 20:13:28,28.017,-97.5169,61.54,53,32,9.66
84,Kashan,IR,2022-11-13 20:13:28,33.9831,51.4364,56.34,51,0,1.79
85,Troitskoye,RU,2022-11-13 20:13:28,52.9821,84.6757,36.57,70,100,18.48
86,Northam,GB,2022-11-13 20:13:29,51.0333,-4.2167,57.61,92,100,12.15
87,General Roca,AR,2022-11-13 20:13:29,-39.0333,-67.5833,75.61,25,10,23.13
88,Cape Town,ZA,2022-11-13 20:09:27,-33.9258,18.4232,65.08,65,0,5.99
89,Khatanga,RU,2022-11-13 20:13:29,71.9667,102.5,-25.1,99,100,6.33
90,Fort Nelson,CA,2022-11-13 20:13:30,58.8053,-122.7002,30.94,66,3,1.99
91,Nioro,GM,2022-11-13 20:14:30,13.35,-15.75,81.73,37,100,4.94
92,Shingu,JP,2022-11-13 20:12:16,33.7333,135.9833,54.28,85,2,6.91
93,Olafsvik,IS,2022-11-13 20:14:30,64.8945,-23.7142,49.84,75,100,30.06
94,Port Lincoln,AU,2022-11-13 20:09:55,-34.7333,135.8667,54.18,74,100,20.92
95,Mataura,NZ,2022-11-13 20:14:31,-46.1927,168.8643,50.76,85,56,4.61
96,Ozu,JP,2022-11-13 20:14:31,33.5,132.55,57.18,86,19,9.98
97,Pevek,RU,2022-11-13 20:14:32,69.7008,170.3133,-17.84,98,80,5.95
98,Xai-Xai,MZ,2022-11-13 20:14:32,-25.0519,33.6442,73.6,93,100,7.56
99,Puerto Ayora,EC,2022-11-13 20:13:46,-0.7393,-90.3518,76.96,73,24,11.83
100,Saldanha,ZA,2022-11-13 20:14:32,-33.0117,17.9442,61.11,85,0,13.27
101,Tura,IN,2022-11-13 20:14:33,25.5198,90.2201,61.48,88,0,4.27
102,Kavieng,PG,2022-11-13 20:14:33,-2.5744,150.7967,82.74,74,100,14.85
103,Batagay,RU,2022-11-13 20:14:33,67.6333,134.6333,-11.69,99,100,0.29
104,Anadyr,RU,2022-11-13 20:14:34,64.75,177.4833,-11.0,76,91,3.53
105,Pochutla,MX,2022-11-13 20:14:34,15.7432,-96.4661,86.83,64,47,6.76
106,Mahebourg,MU,2022-11-13 20:14:34,-20.4081,57.7,71.26,71,0,3.69
107,Hit,IQ,2022-11-13 20:13:31,33.6416,42.8251,66.92,35,0,7.43
108,Faanui,PF,2022-11-13 20:14:35,-16.4833,-151.75,75.2,70,100,3.96
109,Bereda,ES,2022-11-13 20:14:35,43.2686,-7.5406,56.41,99,100,8.43
110,Kopavogur,IS,2022-11-13 20:14:35,64.1123,-21.913,50.85,82,100,35.1
111,Rovaniemi,FI,2022-11-13 20:14:36,66.5,25.7167,31.41,100,100,8.05
112,Lavumisa,SZ,2022-11-13 20:14:36,-27.31,31.892,66.42,86,99,11.18
113,Niksar,TR,2022-11-13 20:14:37,40.5917,36.9517,47.97,89,5,1.59
114,Salalah,OM,2022-11-13 20:11:49,17.0151,54.0924,78.89,73,20,2.3
115,Sao Filipe,CV,2022-11-13 20:14:37,14.8961,-24.4956,77.52,74,92,9.8
116,Casa Nova,BR,2022-11-13 20:14:38,-9.4167,-41.1333,90.66,37,11,7.85
117,Vao,NC,2022-11-13 20:14:38,-22.6667,167.4833,74.17,79,6,14.45
118,Puerto Escondido,MX,2022-11-13 20:10:11,15.85,-97.0667,84.58,70,33,7.18
119,Ratchaburi,TH,2022-11-13 20:14:38,13.5833,99.5333,77.22,78,100,1.66
120,Odweyne,SO,2022-11-13 20:14:39,9.4092,45.064,68.43,35,2,9.46
121,Maunabo,PR,2022-11-13 20:14:39,18.0072,-65.8993,85.46,87,38,8.48
122,Isangel,VU,2022-11-13 20:14:40,-19.55,169.2667,79.18,78,0,5.97
123,Chuy,UY,2022-11-13 20:14:40,-33.6971,-53.4616,70.93,85,100,10.94
124,Cayenne,GF,2022-11-13 20:14:41,4.9333,-52.3333,82.44,78,40,5.75
125,Deer Lake,CA,2022-11-13 20:14:41,49.1667,-57.4316,30.13,96,99,1.79
126,Sandwick,GB,2022-11-13 20:14:41,60.0,-1.25,51.62,100,100,16.11
127,Fortuna,US,2022-11-13 20:13:56,40.5982,-124.1573,53.92,81,0,1.99
128,Henties Bay,NA,2022-11-13 20:09:51,-22.116,14.2845,59.32,91,0,7.87
129,New Norfolk,AU,2022-11-13 20:14:42,-42.7826,147.0587,53.71,91,100,0.47
130,Solwezi,ZM,2022-11-13 20:14:42,-12.1688,26.3894,61.93,97,96,4.27
131,Klaksvik,FO,2022-11-13 20:14:43,62.2266,-6.589,49.12,96,79,13.6
132,Okulovka,RU,2022-11-13 20:14:43,58.4008,33.2908,37.36,76,100,9.62
133,Caronport,CA,2022-11-13 20:14:43,50.4501,-105.8179,15.66,88,55,2.01
134,Zaragoza,ES,2022-11-13 20:15:44,41.6561,-0.8773,58.01,80,40,4.61
135,Sao Paulo De Olivenca,BR,2022-11-13 20:15:44,-3.3783,-68.8725,84.06,72,100,1.25
136,Mega,ET,2022-11-13 20:15:44,4.05,38.3,61.27,76,4,5.79
137,Nishihara,JP,2022-11-13 20:15:45,26.1842,127.7558,72.68,78,75,19.57
138,Tiksi,RU,2022-11-13 20:15:45,71.6872,128.8694,-10.01,93,100,4.94
139,Berlevag,NO,2022-11-13 20:15:45,70.8578,29.0864,33.8,80,0,10.36
140,Sisophon,KH,2022-11-13 20:15:46,13.5859,102.9737,75.06,94,100,4.88
141,Provideniya,RU,2022-11-13 20:15:46,64.3833,-173.3,13.14,61,5,5.26
142,Pitelino,RU,2022-11-13 20:15:46,54.5777,41.8145,37.87,76,100,20.62
143,Sidi Ali,DZ,2022-11-13 20:15:47,36.0998,0.4206,64.85,59,0,5.35
144,Naliya,IN,2022-11-13 20:15:47,23.2667,68.8333,76.08,59,0,7.67
145,Rafraf,TN,2022-11-13 20:15:47,37.1904,10.1837,59.31,68,81,4.65
146,San Carlos De Bariloche,AR,2022-11-13 20:15:48,-41.1456,-71.3082,55.15,54,40,25.32
147,Jaca,ES,2022-11-13 20:13:16,42.569,-0.5499,57.02,91,1,4.21
148,Kaitangata,NZ,2022-11-13 20:15:48,-46.2817,169.8464,52.14,77,87,10.04
149,Bambanglipuro,ID,2022-11-13 20:15:48,-7.95,110.2833,76.24,91,100,1.66
150,Bathsheba,BB,2022-11-13 20:14:51,13.2167,-59.5167,83.01,78,75,17.27
151,Yumen,CN,2022-11-13 20:15:49,40.2833,97.2,28.92,46,0,7.18
152,Tocopilla,CL,2022-11-13 20:11:53,-22.092,-70.1979,69.62,57,20,7.07
153,Haines Junction,CA,2022-11-13 20:15:49,60.7522,-137.5108,37.35,60,100,5.75
154,Torbay,CA,2022-11-13 20:15:50,47.6666,-52.7314,36.75,88,75,6.91
155,Petropavlovsk-Kamchatskiy,RU,2022-11-13 20:15:05,53.0452,158.6483,12.79,67,0,11.18
156,Camacha,PT,2022-11-13 20:15:50,33.0833,-16.3333,65.62,88,40,6.91
157,Gumdag,TM,2022-11-13 20:15:50,39.2061,54.5906,53.15,86,62,8.34
158,Lubango,AO,2022-11-13 20:15:51,-14.9172,13.4925,63.66,27,15,3.85
159,Mbanza-Ngungu,CD,2022-11-13 20:15:51,-5.25,14.8667,69.85,78,56,2.68
160,Datia,IN,2022-11-13 20:15:51,25.6667,78.4667,67.86,43,0,3.47
161,Natal,BR,2022-11-13 20:10:54,-5.795,-35.2094,81.25,78,75,11.5
162,Thompson,CA,2022-11-13 20:15:52,55.7435,-97.8558,15.96,73,75,4.61
163,Darapidap,PH,2022-11-13 20:15:52,17.2131,120.4114,76.96,78,12,4.12
164,Pangnirtung,CA,2022-11-13 20:15:53,66.1451,-65.7125,14.0,73,75,3.44
165,Broome,US,2022-11-13 20:13:24,42.2506,-75.833,43.63,72,100,6.91
166,Guerrero Negro,MX,2022-11-13 20:15:53,27.9769,-114.0611,67.77,51,4,16.31
167,Guangyuan,CN,2022-11-13 20:15:54,32.442,105.823,45.36,90,31,4.25
168,Naifaru,MV,2022-11-13 20:15:54,5.4444,73.3657,81.19,75,77,7.99
169,Paamiut,GL,2022-11-13 20:15:54,61.994,-49.6678,32.81,79,100,18.1
170,Ponta Delgada,PT,2022-11-13 20:15:54,37.7333,-25.6667,61.52,77,40,5.75
171,Idrinskoye,RU,2022-11-13 20:15:55,54.3708,92.1358,37.02,71,100,13.91
172,Humberto De Campos,BR,2022-11-13 20:15:55,-2.5983,-43.4611,83.23,68,9,9.1
173,Tasiilaq,GL,2022-11-13 20:15:55,65.6145,-37.6368,44.76,56,100,30.96
174,Japura,ID,2022-11-13 20:15:56,-0.3167,102.35,72.81,98,100,2.77
175,San Cristobal,VE,2022-11-13 20:15:56,7.7669,-72.225,75.38,89,100,1.05
176,Riyadh,SA,2022-11-13 20:14:21,24.6877,46.7219,73.54,37,0,8.08
177,Wattegama,LK,2022-11-13 20:15:57,6.7989,81.4808,73.4,93,98,1.07
178,Urumqi,CN,2022-11-13 20:15:57,43.801,87.6005,29.35,86,6,0.0
179,Saint-Pierre,RE,2022-11-13 20:15:57,-21.3393,55.4781,71.91,94,100,13.8
180,Laguna De Perlas,NI,2022-11-13 20:15:58,12.3429,-83.6712,80.69,81,60,11.68
181,Samana,DO,2022-11-13 20:15:58,19.2056,-69.3369,86.22,84,20,9.22
182,Esperance,AU,2022-11-13 20:16:58,-33.8667,121.9,55.54,70,100,8.34
183,Poya,NC,2022-11-13 20:16:59,-21.35,165.15,73.65,80,22,6.44
184,Pedasi,PA,2022-11-13 20:13:36,7.5333,-80.0333,77.07,75,48,5.17
185,Ponta Do Sol,PT,2022-11-13 20:16:59,32.6667,-17.1,70.72,85,84,3.0
186,Port Elizabeth,ZA,2022-11-13 20:17:00,-33.918,25.5701,58.1,88,3,8.7
187,Malajog,PH,2022-11-13 20:17:00,12.1106,124.4792,78.24,91,93,7.2
188,Lagos,NG,2022-11-13 20:15:48,6.5833,3.75,78.66,86,100,4.81
189,North Bend,US,2022-11-13 20:15:51,43.4065,-124.2243,52.16,85,0,3.44
190,Timucuy,MX,2022-11-13 20:17:00,20.8167,-89.5167,90.95,43,75,4.61
191,Mayo,US,2022-11-13 20:17:01,38.8876,-76.5119,50.11,50,0,20.71
192,Shetpe,KZ,2022-11-13 20:17:01,44.1667,52.1167,46.22,82,100,24.2
193,Yar-Sale,RU,2022-11-13 20:17:01,66.8333,70.8333,-0.96,91,100,7.49
194,Taoudenni,ML,2022-11-13 20:17:02,22.6783,-3.9836,79.65,15,53,12.66
195,Bocanda,CI,2022-11-13 20:17:02,7.0626,-4.4995,76.46,86,100,3.0
196,Bandarbeyla,SO,2022-11-13 20:17:03,9.4942,50.8122,79.0,71,8,16.17
197,Humen,CN,2022-11-13 20:17:03,22.819,113.6731,80.42,70,19,2.73
198,Labuhan,ID,2022-11-13 20:17:04,-6.8844,112.2051,79.09,87,69,5.12
199,De-Kastri,RU,2022-11-13 20:12:20,51.4667,140.7833,15.15,89,31,5.1
200,Axim,GH,2022-11-13 20:14:30,4.8699,-2.2405,78.8,82,100,6.15
201,Doha,QA,2022-11-13 20:13:26,25.2867,51.5333,82.38,57,0,9.22
202,Tanete,ID,2022-11-13 20:17:05,-3.9443,119.7848,75.36,94,100,1.25
203,Upernavik,GL,2022-11-13 20:17:05,72.7868,-56.1549,22.62,68,100,4.23
204,Tianpeng,CN,2022-11-13 20:17:06,30.9866,103.9393,52.27,77,100,0.94
205,Lagoa,PT,2022-11-13 20:17:06,39.05,-27.9833,62.51,73,100,21.72
206,Gilgit,PK,2022-11-13 20:17:07,35.9221,74.3087,37.83,86,100,3.15
207,Cap Malheureux,MU,2022-11-13 20:17:07,-19.9842,57.6142,71.47,69,0,1.99
208,Ketchikan,US,2022-11-13 20:17:07,55.3422,-131.6461,42.78,97,100,5.66
209,Pervomayskoye,RU,2022-11-13 20:17:08,43.919,46.7102,52.39,58,2,21.21
210,Huilong,CN,2022-11-13 20:17:08,31.8111,121.655,52.93,66,99,9.84
211,Constitucion,CL,2022-11-13 20:17:09,-35.3333,-72.4167,61.84,65,7,8.99
212,Kapaa,US,2022-11-13 20:17:09,22.0752,-159.319,82.38,76,0,19.57
213,Ostrovnoy,RU,2022-11-13 20:17:09,68.0531,39.5131,35.28,66,100,16.69
214,Makakilo City,US,2022-11-13 20:17:10,21.3469,-158.0858,80.01,71,40,10.36
215,Faya,SA,2022-11-13 20:17:10,18.3851,42.4509,59.11,63,3,3.18
216,Vardo,NO,2022-11-13 20:17:11,70.3705,31.1107,30.18,80,0,10.36
217,Shenjiamen,CN,2022-11-13 20:17:11,29.9576,122.298,58.48,69,100,14.94
218,Vysokogornyy,RU,2022-11-13 20:17:12,50.1167,139.15,6.46,97,25,2.51
219,Loule,PT,2022-11-13 20:17:12,37.1377,-8.0197,62.31,88,0,3.44
220,Khorixas,NA,2022-11-13 20:17:12,-20.3667,14.9667,66.15,41,3,9.78
221,Trelew,AR,2022-11-13 20:17:13,-43.249,-65.3051,74.53,31,97,14.97
222,Canavieiras,BR,2022-11-13 20:17:13,-15.675,-38.9472,80.56,77,100,7.49
223,Dickinson,US,2022-11-13 20:17:14,29.4608,-95.0513,60.06,48,0,6.91
224,Kalangala,UG,2022-11-13 20:17:14,-0.3089,32.225,70.95,66,100,1.74
225,Mathbaria,BD,2022-11-13 20:17:14,22.2876,89.9593,63.19,58,4,6.29
226,Namibe,AO,2022-11-13 20:17:15,-15.1961,12.1522,67.98,71,8,7.9
227,Makungu,TZ,2022-11-13 20:18:15,-8.7333,35.2833,66.67,61,4,4.07
228,Bambous Virieux,MU,2022-11-13 20:18:16,-20.3428,57.7575,71.22,78,40,4.61
229,Kavaratti,IN,2022-11-13 20:18:16,10.5669,72.642,80.13,77,98,3.47
230,Lorengau,PG,2022-11-13 20:18:17,-2.0226,147.2712,80.26,82,100,8.86
231,Ponta Pora,BR,2022-11-13 20:18:17,-22.5361,-55.7256,66.11,94,100,0.0
232,Guanica,PR,2022-11-13 20:18:17,17.9716,-66.908,86.05,79,91,2.15
233,Zunyi,CN,2022-11-13 20:18:18,27.6867,106.9072,51.15,90,100,2.82
234,Zaraza,VE,2022-11-13 20:18:18,9.3503,-65.3245,84.52,71,93,5.88
235,Lasa,IT,2022-11-13 20:18:19,46.6166,10.7002,49.08,92,100,3.49
236,Saint-Joseph,RE,2022-11-13 20:18:19,-21.3667,55.6167,70.18,86,74,13.31
237,Nikolskoye,RU,2022-11-13 20:18:19,59.7035,30.7861,40.91,79,100,5.53
238,Auki,SB,2022-11-13 20:18:20,-8.7676,160.7034,77.27,85,99,3.33
239,Ouadda,CF,2022-11-13 20:18:20,8.0777,22.4007,71.82,36,8,4.54
240,Sistranda,NO,2022-11-13 20:18:20,63.7256,8.834,44.56,76,100,12.01
241,Rock Sound,BS,2022-11-13 20:18:21,24.9,-76.2,80.98,63,1,2.37
242,Alofi,NU,2022-11-13 20:18:22,-19.0595,-169.9187,78.69,73,40,12.66
243,Ashqelon,IL,2022-11-13 20:18:22,31.6693,34.5715,71.82,63,0,12.01
244,Port Augusta,AU,2022-11-13 20:18:22,-32.5,137.7667,57.34,64,96,20.47
245,Kondinskoye,RU,2022-11-13 20:18:22,59.6481,67.41,18.36,93,100,14.12
246,Severo-Kurilsk,RU,2022-11-13 20:18:05,50.6789,156.125,31.89,87,100,21.43
247,Portland,US,2022-11-13 20:15:15,45.5234,-122.6762,48.06,80,100,3.0
248,Tadepalle,IN,2022-11-13 20:18:23,16.4833,80.6,71.53,84,98,4.16
249,Gemunden,DE,2022-11-13 20:18:23,50.05,9.7,46.6,83,0,4.16
250,Placerville,US,2022-11-13 20:18:24,38.7296,-120.7986,57.9,46,0,10.36
251,Nandigama,IN,2022-11-13 20:18:24,16.7833,80.3,71.87,85,26,3.04
252,Tezu,IN,2022-11-13 20:18:24,27.9167,96.1667,61.88,55,0,4.34
253,Saint-Philippe,RE,2022-11-13 20:18:25,-21.3585,55.7679,71.19,88,96,13.49
254,Kimbe,PG,2022-11-13 20:18:25,-5.5502,150.1429,76.08,92,94,3.38
255,Hokitika,NZ,2022-11-13 20:18:26,-42.7167,170.9667,60.21,66,0,3.24
256,Iqaluit,CA,2022-11-13 20:18:26,63.7506,-68.5145,22.73,86,100,6.91
257,Ilulissat,GL,2022-11-13 20:18:26,69.2167,-51.1,28.42,64,20,2.3
258,Port Blair,IN,2022-11-13 20:18:27,11.6667,92.75,78.17,84,55,8.7
259,Merauke,ID,2022-11-13 20:18:27,-8.4667,140.3333,78.28,90,77,9.4
260,Moerai,PF,2022-11-13 20:15:48,-22.4333,-151.3333,69.01,62,0,7.34
261,Mongo,TD,2022-11-13 20:18:27,12.1844,18.693,82.58,25,2,4.23
262,Berdigestyakh,RU,2022-11-13 20:18:28,62.0989,126.6992,-28.26,100,100,1.95
263,Lavrentiya,RU,2022-11-13 20:18:28,65.5833,-171.0,14.14,74,1,5.82
264,Abu Samrah,SY,2022-11-13 20:18:28,35.3029,37.1841,62.13,47,0,6.6
265,Muros,ES,2022-11-13 20:18:29,42.7762,-9.0603,57.69,94,100,9.57
266,Praia Da Vitoria,PT,2022-11-13 20:18:29,38.7333,-27.0667,61.05,82,40,9.91
267,Montepuez,MZ,2022-11-13 20:18:29,-13.1256,38.9997,72.3,68,37,9.98
268,Berezovyy,RU,2022-11-13 20:18:30,51.6667,135.7,13.01,80,6,3.62
269,Pavlodar,KZ,2022-11-13 20:18:30,52.3,76.95,30.0,80,0,13.42
270,Tiznit,MA,2022-11-13 20:18:30,29.5833,-9.5,69.37,27,36,1.19
271,Hofn,IS,2022-11-13 20:18:31,64.2539,-15.2082,46.44,92,100,19.15
272,Jiexiu,CN,2022-11-13 20:18:31,37.0244,111.9125,42.98,39,100,4.14
273,Poum,NC,2022-11-13 20:19:32,-20.2333,164.0167,75.94,80,74,6.04
274,Wad Rawah,SD,2022-11-13 20:19:32,15.1603,33.1397,79.95,22,2,14.43
275,Carauari,BR,2022-11-13 20:19:32,-4.8828,-66.8958,87.22,67,100,1.7
276,Hovd,MN,2022-11-13 20:19:33,48.0056,91.6419,27.41,46,100,5.48
277,Along,IN,2022-11-13 20:19:33,28.1667,94.7667,55.13,75,6,1.99
278,Talnakh,RU,2022-11-13 20:19:33,69.4865,88.3972,-23.96,84,82,4.03
279,Chalmette,US,2022-11-13 20:19:34,29.9427,-89.9634,59.05,47,0,10.36
280,Karaj,IR,2022-11-13 20:19:34,35.8355,51.0103,45.12,49,0,9.22
281,Westport,US,2022-11-13 20:15:20,41.1415,-73.3579,53.64,54,40,16.11
282,Deputatskiy,RU,2022-11-13 20:19:34,69.3,139.9,-23.71,99,100,3.76
283,Ibra,OM,2022-11-13 20:19:35,22.6906,58.5334,71.28,49,1,1.74
284,Otse,BW,2022-11-13 20:19:35,-25.0167,25.7333,68.5,60,48,2.21
285,Codrington,AU,2022-11-13 20:19:35,-38.2667,141.9667,52.12,96,92,11.21
286,Marystown,CA,2022-11-13 20:19:36,47.1666,-55.1483,39.85,100,100,1.99
287,Mangrol,IN,2022-11-13 20:19:36,21.1167,70.1167,78.12,59,5,4.29
288,Assare,BR,2022-11-13 20:19:36,-6.8744,-39.875,87.31,41,86,4.25
289,Severo-Yeniseyskiy,RU,2022-11-13 20:19:37,60.3725,93.0408,16.68,97,100,3.76
290,Hof,DE,2022-11-13 20:15:14,50.3167,11.9167,40.5,86,100,8.05
291,Niteroi,BR,2022-11-13 20:19:37,-22.8833,-43.1036,78.46,72,20,13.8
292,Acarau,BR,2022-11-13 20:16:18,-2.8856,-40.12,81.64,75,6,18.77
293,Adrar,MR,2022-11-13 20:19:38,20.5022,-10.0711,77.59,12,7,8.77
294,Adrasmon,TJ,2022-11-13 20:19:38,40.6472,69.9856,34.79,51,61,3.71
295,Chateaubelair,VC,2022-11-13 20:19:38,13.2833,-61.25,81.12,83,75,6.91
296,Bundaberg,AU,2022-11-13 20:19:38,-24.85,152.35,73.22,85,73,1.99
297,Nanortalik,GL,2022-11-13 20:19:39,60.1432,-45.2371,38.05,71,81,15.12
298,Avera,US,2022-11-13 20:19:39,33.194,-82.5271,58.55,30,5,10.42
299,Ancud,CL,2022-11-13 20:19:39,-41.8697,-73.8203,55.24,81,67,17.81
300,Los Llanos De Aridane,ES,2022-11-13 20:19:40,28.6585,-17.9182,68.13,69,0,9.22
301,Sioux Lookout,CA,2022-11-13 20:19:40,50.1001,-91.917,23.07,74,75,2.3
302,Pontianak,ID,2022-11-13 20:19:40,-0.0333,109.3333,76.98,100,100,2.3
303,Brownsville,US,2022-11-13 20:17:30,25.9018,-97.4975,67.98,70,100,9.22
304,Kahului,US,2022-11-13 20:19:41,20.8947,-156.47,80.62,72,20,11.5
305,Almaznyy,RU,2022-11-13 20:19:41,48.0448,40.045,43.54,79,66,14.65
306,Bar Harbor,US,2022-11-13 20:19:42,44.3876,-68.2039,47.91,90,100,9.22
307,Yulara,AU,2022-11-13 20:19:42,-25.2406,130.9889,60.71,55,0,15.37
308,Knysna,ZA,2022-11-13 20:19:11,-34.0363,23.0471,58.06,83,0,3.8
309,Athabasca,CA,2022-11-13 20:15:49,54.7169,-113.2854,27.01,74,47,5.28
310,Gorontalo,ID,2022-11-13 20:19:42,0.5412,123.0595,73.83,92,40,3.0
311,Whitianga,NZ,2022-11-13 20:19:43,-36.8333,175.7,63.97,60,3,3.27
312,Passos,BR,2022-11-13 20:19:43,-20.7189,-46.6097,82.71,47,98,2.51
313,Manoel Urbano,BR,2022-11-13 20:19:43,-8.8389,-69.2597,91.15,48,100,1.39
314,Vila Velha,BR,2022-11-13 20:18:34,-20.3297,-40.2925,78.94,86,20,21.85
315,Asyut,EG,2022-11-13 20:19:44,27.181,31.1837,68.74,43,0,8.81
316,La Union,PE,2022-11-13 20:19:44,-5.4,-80.75,76.87,48,42,15.88
317,Baillif,GP,2022-11-13 20:19:45,16.0202,-61.7463,83.7,76,3,15.17
318,Baracoa,CU,2022-11-13 20:19:45,20.3467,-74.4958,83.82,68,52,5.84
319,Acapulco,MX,2022-11-13 20:16:43,16.8634,-99.8901,85.82,70,0,8.05
320,Nanakuli,US,2022-11-13 20:20:45,21.3906,-158.1547,81.45,64,40,6.91
321,Tabou,CI,2022-11-13 20:20:46,4.423,-7.3528,78.96,82,98,7.0
322,Santa Cruz Do Sul,BR,2022-11-13 20:20:46,-29.7175,-52.4258,69.04,95,100,6.17
323,Shimoda,JP,2022-11-13 20:20:46,34.6667,138.95,62.1,79,92,6.91
324,Dakar,SN,2022-11-13 20:16:19,14.6937,-17.4441,80.73,78,0,4.61
325,Laguna,US,2022-11-13 20:20:47,38.421,-121.4238,60.89,41,0,16.11
326,Kintinku,TZ,2022-11-13 20:20:47,-5.8833,35.2333,83.16,34,77,3.76
327,Omegna,IT,2022-11-13 20:20:47,45.8798,8.408,51.91,84,100,1.61
328,Norman Wells,CA,2022-11-13 20:20:48,65.282,-126.8329,10.44,85,20,0.0
329,Gorom-Gorom,BF,2022-11-13 20:20:48,14.4439,-0.2361,86.88,18,58,8.25
330,Ndele,CF,2022-11-13 20:20:49,8.4109,20.6473,75.6,32,11,3.71
331,Fereydun Kenar,IR,2022-11-13 20:20:49,36.6864,52.5225,55.62,88,0,2.3
332,Tselinnoye,RU,2022-11-13 20:20:49,53.0833,85.6667,36.61,72,100,20.45
333,Luocheng,CN,2022-11-13 20:20:50,29.3848,104.0286,53.6,84,100,1.41
334,Belaya Gora,RU,2022-11-13 20:20:50,68.5333,146.4167,-27.02,100,99,1.03
335,Pacific Grove,US,2022-11-13 20:18:20,36.6177,-121.9166,62.22,56,0,8.99
336,Richards Bay,ZA,2022-11-13 20:20:50,-28.783,32.0377,69.71,82,100,14.72
337,Morant Bay,JM,2022-11-13 20:20:51,17.8815,-76.4093,76.62,74,82,5.41
338,Kudahuvadhoo,MV,2022-11-13 20:20:51,2.6708,72.8944,80.74,76,100,13.56
339,Pangai,TO,2022-11-13 20:20:51,-19.8,-174.35,76.82,85,100,20.33
340,Coihaique,CL,2022-11-13 20:20:52,-45.5752,-72.0662,61.41,48,75,6.91
341,Orvieto,IT,2022-11-13 20:20:52,42.7195,12.1116,51.44,82,100,2.86
342,Grindavik,IS,2022-11-13 20:20:52,63.8424,-22.4338,52.27,87,100,29.93
343,Kenai,US,2022-11-13 20:20:53,60.5544,-151.2583,35.69,93,100,20.71
344,Rexburg,US,2022-11-13 20:20:53,43.826,-111.7897,28.38,64,100,0.0
345,Bartlesville,US,2022-11-13 20:16:44,36.7473,-95.9808,48.11,46,0,4.61
346,Chilca,PE,2022-11-13 20:20:53,-12.5211,-76.7372,64.98,83,99,7.65
347,Sao Sebastiao,BR,2022-11-13 20:20:54,-23.76,-45.4097,74.8,83,47,4.29
348,Atar,MR,2022-11-13 20:20:54,20.5169,-13.0499,81.57,10,2,8.46
349,Bharatpur,IN,2022-11-13 20:20:54,27.2167,77.4833,68.68,40,2,0.96
350,Durango,MX,2022-11-13 20:18:04,24.8333,-104.8333,76.5,11,1,15.39
351,Hobyo,SO,2022-11-13 20:20:55,5.3505,48.5268,80.71,73,5,14.94
352,Yibin,CN,2022-11-13 20:20:55,28.7667,104.6238,55.47,83,100,0.89
353,Nome,US,2022-11-13 20:19:10,64.5011,-165.4064,21.27,63,0,6.91
354,Sabang,ID,2022-11-13 20:20:56,5.8933,95.3214,77.13,86,100,6.24
355,Waingapu,ID,2022-11-13 20:20:56,-9.6567,120.2641,80.4,84,100,2.91
356,Dinar,TR,2022-11-13 20:20:56,38.065,30.1656,44.56,47,0,5.14
357,Mount Isa,AU,2022-11-13 20:20:57,-20.7333,139.5,71.37,100,75,0.0
358,Formosa,AR,2022-11-13 20:19:22,-26.1775,-58.1781,80.58,69,20,6.91
359,Ligayan,PH,2022-11-13 20:20:57,4.6533,119.4706,82.51,78,100,7.2
360,Hualmay,PE,2022-11-13 20:20:58,-11.0964,-77.6139,68.0,73,70,10.02
361,Minab,IR,2022-11-13 20:20:58,27.1467,57.0801,80.92,28,0,5.75
362,Huarmey,PE,2022-11-13 20:20:58,-10.0681,-78.1522,69.08,72,60,10.78
363,Bima,ID,2022-11-13 20:20:59,-8.4667,118.7167,77.7,91,95,2.57
364,Boyuibe,BO,2022-11-13 20:20:59,-20.4167,-63.2833,91.11,33,0,9.71
365,Otacilio Costa,BR,2022-11-13 20:21:59,-27.4831,-50.1219,65.12,96,100,4.54
366,Tondano,ID,2022-11-13 20:22:00,1.3038,124.9112,67.46,92,64,1.03
367,Saurimo,AO,2022-11-13 20:22:00,-9.6608,20.3916,65.55,96,100,3.94
368,Oranjemund,NA,2022-11-13 20:22:00,-28.55,16.4333,61.38,81,3,16.55
369,Lamu,KE,2022-11-13 20:22:01,-2.2717,40.902,79.02,82,61,9.89
370,Juneau,US,2022-11-13 20:21:46,58.3019,-134.4197,45.21,97,100,12.66
371,Leh,IN,2022-11-13 20:22:01,34.1667,77.5833,24.98,64,89,4.5
372,Dongsheng,CN,2022-11-13 20:22:01,39.8161,109.9776,29.86,42,0,12.03
373,Vavatenina,MG,2022-11-13 20:22:02,-17.4667,49.2,71.6,86,98,1.88
374,Cidreira,BR,2022-11-13 20:22:02,-30.1811,-50.2056,67.73,97,100,15.75
375,Seoul,KR,2022-11-13 20:20:07,37.5683,126.9778,49.44,93,75,0.0
376,Numan,NG,2022-11-13 20:22:03,9.4667,12.0333,81.59,28,1,3.87
377,Tekkali,IN,2022-11-13 20:22:03,18.6167,84.2333,69.44,72,1,5.46
378,Leningradskiy,RU,2022-11-13 20:22:04,69.3833,178.4167,-10.12,98,98,3.94
379,Waipawa,NZ,2022-11-13 20:22:04,-41.4122,175.5153,55.67,73,63,4.7
380,Oshakati,NA,2022-11-13 20:22:05,-17.7833,15.6833,64.42,12,3,6.67
381,Vilhena,BR,2022-11-13 20:22:05,-12.7406,-60.1458,88.02,51,40,12.66
382,Ca Mau,VN,2022-11-13 20:21:39,9.1769,105.15,76.01,95,100,6.26
383,Nartan,RU,2022-11-13 20:22:06,43.5108,43.6994,41.54,65,34,2.24
384,Izhma,RU,2022-11-13 20:21:10,65.0083,53.9113,14.9,94,100,8.61
385,Tashtyp,RU,2022-11-13 20:21:18,52.7939,89.8983,31.41,79,100,6.67
386,Rawah,IQ,2022-11-13 20:22:06,34.4816,41.9093,64.42,34,0,4.94
387,Champerico,GT,2022-11-13 20:22:07,14.3,-91.9167,88.34,70,36,7.16
388,Mount Gambier,AU,2022-11-13 20:22:07,-37.8333,140.7667,55.31,94,100,19.57
389,Longyearbyen,SJ,2022-11-13 20:22:07,78.2186,15.6401,26.44,74,75,9.22
390,Marabba,SD,2022-11-13 20:22:08,12.35,32.1833,81.55,17,7,10.42
391,Vila Franca Do Campo,PT,2022-11-13 20:22:08,37.7167,-25.4333,61.21,77,100,7.02
392,Paignton,GB,2022-11-13 20:22:08,50.4357,-3.5679,57.99,97,94,1.01
393,Byron Bay,AU,2022-11-13 20:22:09,-28.65,153.6167,71.94,81,99,18.12
394,Kuala Terengganu,MY,2022-11-13 20:22:09,5.3302,103.1408,76.95,100,40,2.3
395,Vestmannaeyjar,IS,2022-11-13 20:22:10,63.4427,-20.2734,48.31,91,100,25.1
396,Breytovo,RU,2022-11-13 20:22:10,58.2993,37.8617,34.0,72,89,19.1
397,Mecca,SA,2022-11-13 20:22:11,21.4267,39.8261,79.88,67,0,6.13
398,Pangkalanbuun,ID,2022-11-13 20:22:11,-2.6833,111.6167,74.19,99,100,1.97
399,Bilibino,RU,2022-11-13 20:22:12,68.0546,166.4372,-13.09,98,100,3.51
400,Boa Vista,BR,2022-11-13 20:17:16,2.8197,-60.6733,91.38,49,40,9.22
401,Santa Maria,BR,2022-11-13 20:21:24,-29.6842,-53.8069,67.3,100,100,5.75
402,Lata,PT,2022-11-13 20:22:12,40.1629,-8.3327,60.93,91,100,4.79
403,Hasaki,JP,2022-11-13 20:22:13,35.7333,140.8333,56.21,59,94,24.36
404,Aripuana,BR,2022-11-13 20:22:13,-9.1667,-60.6333,95.65,32,79,3.11
405,Mitsamiouli,KM,2022-11-13 20:22:13,-11.3847,43.2844,77.56,80,27,9.4
406,Tynda,RU,2022-11-13 20:22:14,55.1667,124.7167,-2.87,100,100,0.49
407,Mahajanga,MG,2022-11-13 20:22:14,-15.7167,46.3167,80.62,78,20,5.75
408,Camacupa,AO,2022-11-13 20:22:14,-12.0167,17.4833,69.21,49,99,3.6
409,Koutsouras,GR,2022-11-13 20:22:15,35.0339,25.9469,63.1,70,1,8.3
410,Atyrau,KZ,2022-11-13 20:22:15,47.1167,51.8833,42.82,81,75,17.9
411,Barkhan,PK,2022-11-13 20:22:16,29.8977,69.5256,60.8,57,64,2.73
412,Araxa,BR,2022-11-13 20:22:11,-19.5933,-46.9406,84.16,45,0,6.91
413,Banda Aceh,ID,2022-11-13 20:23:16,5.5577,95.3222,75.56,90,100,4.34
414,Guasdualito,VE,2022-11-13 20:23:17,7.2424,-70.7324,89.56,62,20,5.75
415,Bosaso,SO,2022-11-13 20:23:17,11.2842,49.1816,77.38,69,0,3.74
416,Kutum,SD,2022-11-13 20:23:18,14.2,24.6667,67.98,24,0,10.96
417,Iquitos,PE,2022-11-13 20:23:18,-3.7481,-73.2472,93.24,62,40,6.91
418,Rosarito,MX,2022-11-13 20:23:18,32.3333,-117.0333,64.63,64,83,6.08
419,Milkovo,RU,2022-11-13 20:23:19,54.7167,158.6167,1.11,93,54,1.72
420,Plettenberg Bay,ZA,2022-11-13 20:23:19,-34.0527,23.3716,57.96,82,0,4.52
421,Caravelas,BR,2022-11-13 20:23:19,-17.7125,-39.2481,79.23,77,57,9.95
422,Beyneu,KZ,2022-11-13 20:23:20,45.3167,55.2,45.95,82,100,25.01
423,Naze,JP,2022-11-13 20:23:20,28.3667,129.4833,67.12,78,82,12.64
424,Tautira,PF,2022-11-13 20:23:20,-17.7333,-149.15,75.99,79,100,4.45
425,Fairbanks,US,2022-11-13 20:20:02,64.8378,-147.7164,23.34,89,0,0.0
426,Martapura,ID,2022-11-13 20:23:21,-3.4167,114.85,77.09,100,98,3.44
427,Braco Do Norte,BR,2022-11-13 20:23:21,-28.275,-49.1656,79.74,68,100,3.74
428,Talcahuano,CL,2022-11-13 20:23:22,-36.7167,-73.1167,62.28,72,75,9.22
429,Kawalu,ID,2022-11-13 20:23:22,-7.3817,108.2082,71.8,97,100,1.07
430,Asfi,MA,2022-11-13 20:23:22,32.2994,-9.2372,68.9,65,100,5.32
431,Karakol,KG,2022-11-13 20:23:23,42.4907,78.3936,25.23,52,18,5.97
432,Nizhniy Chir,RU,2022-11-13 20:23:23,48.3597,43.0865,43.95,72,58,18.95
433,Oranjestad,AW,2022-11-13 20:20:38,12.524,-70.027,83.91,82,100,3.0
434,Omsukchan,RU,2022-11-13 20:23:24,62.5333,155.8,-14.71,83,13,4.45
435,Sovetskiy,RU,2022-11-13 20:19:15,61.3614,63.5842,10.35,94,100,8.84
436,Krasnoye,UA,2022-11-13 20:23:24,49.9145,24.6134,42.93,91,36,3.36
437,Rumoi,JP,2022-11-13 20:23:24,43.9344,141.6428,34.52,90,55,9.78
438,Chernyshevskiy,RU,2022-11-13 20:23:25,63.0128,112.4714,-29.7,98,8,3.38
439,Havelock,US,2022-11-13 20:23:25,34.8791,-76.9013,62.56,70,75,8.05
440,Elizabeth City,US,2022-11-13 20:20:28,36.2946,-76.2511,59.02,55,0,8.05
441,Gyanpur,IN,2022-11-13 20:23:25,25.35,82.4667,65.35,44,0,2.86
442,Mirnyy,RU,2022-11-13 20:23:26,62.5353,113.9611,-27.69,99,10,3.33
443,Bengkulu,ID,2022-11-13 20:23:26,-3.8004,102.2655,74.16,94,100,3.8
444,Porto Santo,PT,2022-11-13 20:23:26,33.072,-16.3415,68.38,88,40,6.91
445,Chato,TZ,2022-11-13 20:23:27,-2.6378,31.7669,67.23,85,99,0.92
446,Savonlinna,FI,2022-11-13 20:23:27,61.8699,28.88,28.45,93,0,2.3
447,Virginia Beach,US,2022-11-13 20:18:29,36.8529,-75.978,57.04,51,20,14.97
448,Nizhniy Tsasuchey,RU,2022-11-13 20:23:28,50.5167,115.1333,6.57,95,6,2.57
449,Dalvik,IS,2022-11-13 20:23:28,65.9702,-18.5286,44.53,97,100,6.22
450,Lewisporte,CA,2022-11-13 20:23:28,49.2499,-55.0482,31.71,91,100,1.86
451,Cuyo,PH,2022-11-13 20:23:29,10.8525,121.0086,83.53,80,100,20.94
452,Abrau-Dyurso,RU,2022-11-13 20:23:29,44.69,37.59,47.66,74,53,8.75
453,Kasongo,CD,2022-11-13 20:23:29,-4.45,26.6667,66.58,94,87,2.71
454,Vostok,RU,2022-11-13 20:23:30,46.4856,135.8833,10.53,95,21,4.25
455,Dingle,PH,2022-11-13 20:23:30,10.9995,122.6711,75.85,92,70,7.02
456,Riberalta,BO,2022-11-13 20:23:30,-10.9833,-66.1,97.0,46,75,11.5
457,Maragogi,BR,2022-11-13 20:23:31,-9.0122,-35.2225,79.41,77,20,8.19
458,Duncan,US,2022-11-13 20:23:31,34.5023,-97.9578,55.62,33,0,13.8
459,Mendi,PG,2022-11-13 20:23:31,-6.1761,143.6513,55.33,98,93,1.9
460,Victoria,HK,2022-11-13 20:24:18,22.2855,114.1577,75.33,85,18,13.0
461,Miri,MY,2022-11-13 20:24:32,4.4148,114.0089,75.34,100,40,2.3
462,Shipunovo,RU,2022-11-13 20:24:32,52.1582,82.2173,35.01,73,100,21.61
463,Lebedinyy,RU,2022-11-13 20:24:32,58.5167,125.5167,10.27,83,100,12.35
464,Cobadin,RO,2022-11-13 20:24:33,44.0833,28.2167,38.86,68,18,4.74
465,Margate,GB,2022-11-13 20:24:33,51.3813,1.3862,53.91,90,58,1.99
466,Aksarka,RU,2022-11-13 20:24:33,66.5606,67.7975,-1.39,91,100,7.43
467,Nsanje,MW,2022-11-13 20:24:34,-16.92,35.262,81.81,61,17,5.21
468,Mehamn,NO,2022-11-13 20:24:34,71.0357,27.8492,33.75,86,75,2.3
469,Calderitas,MX,2022-11-13 20:24:34,18.55,-88.25,87.91,58,40,0.0
470,Porangatu,BR,2022-11-13 20:24:35,-13.4408,-49.1486,85.42,54,84,3.04
471,Fayetteville,US,2022-11-13 20:20:18,35.0527,-78.8784,59.49,44,0,13.8
472,Praia,CV,2022-11-13 20:24:35,14.9215,-23.5087,77.54,73,75,20.71
473,Saint Anthony,US,2022-11-13 20:24:35,45.0205,-93.218,29.8,57,100,3.44
474,Ahipara,NZ,2022-11-13 20:24:36,-35.1667,173.1667,62.78,73,4,8.84
475,Murgab,TM,2022-11-13 20:24:36,37.4966,61.9714,40.87,70,4,6.91
476,Show Low,US,2022-11-13 20:24:36,34.2542,-110.0298,52.09,28,0,29.93
477,Ardahan,TR,2022-11-13 20:24:37,41.1087,42.7022,30.9,93,39,4.09
478,Varkkallai,IN,2022-11-13 20:24:37,8.7341,76.7067,80.38,91,100,3.13
479,Kloulklubed,PW,2022-11-13 20:24:37,7.0419,134.2556,83.71,78,100,13.04
480,Cuamba,MZ,2022-11-13 20:24:38,-14.8031,36.5372,80.19,38,33,3.36
481,Kota Kinabalu,MY,2022-11-13 20:21:25,5.9749,116.0724,76.87,100,20,5.01
482,Amuntai,ID,2022-11-13 20:24:38,-2.4177,115.2494,73.04,99,99,0.72
483,Mersing,MY,2022-11-13 20:24:39,2.4312,103.8405,76.91,94,40,3.44
484,Beringovskiy,RU,2022-11-13 20:24:39,63.05,179.3167,12.13,91,99,4.65
485,Gresham,US,2022-11-13 20:24:39,45.4982,-122.4315,48.02,79,0,4.61
486,Monrovia,LR,2022-11-13 20:24:40,6.3005,-10.7969,77.88,84,90,5.19
487,Lanzhou,CN,2022-11-13 20:24:40,36.0564,103.7922,40.86,46,100,2.21
488,Pierre,US,2022-11-13 20:24:40,44.3683,-100.351,35.06,65,100,5.75
489,Atocha,BO,2022-11-13 20:24:41,-20.9333,-66.2333,62.26,3,0,28.57
490,Banki,IN,2022-11-13 20:24:41,20.3833,85.5333,66.31,63,0,2.24
491,Loandjili,CG,2022-11-13 20:24:41,-4.7561,11.8578,77.67,76,11,8.1
492,Necochea,AR,2022-11-13 20:24:42,-38.5473,-58.7368,65.71,85,99,10.69
493,Paraiso,CR,2022-11-13 20:24:42,9.8383,-83.8656,72.16,89,81,3.71
494,Gizo,SB,2022-11-13 20:24:42,-8.103,156.8419,82.22,76,100,8.08
495,Songjianghe,CN,2022-11-13 20:24:43,42.1859,127.479,23.13,71,0,3.11
496,Cabo Rojo,PR,2022-11-13 20:24:43,18.0866,-67.1457,85.96,81,88,3.0
497,Oudtshoorn,ZA,2022-11-13 20:24:43,-33.5907,22.2014,53.96,72,0,2.98
498,Clyde River,CA,2022-11-13 20:24:44,70.4692,-68.5914,-3.77,77,100,14.97
499,Isla Mujeres,MX,2022-11-13 20:24:44,21.2311,-86.731,86.16,65,0,10.07
500,Mercedes,AR,2022-11-13 20:24:45,-34.6515,-59.4307,69.64,89,100,8.61
501,Sao Jose Da Coroa Grande,BR,2022-11-13 20:24:45,-8.8978,-35.1478,79.63,76,16,8.34
502,Sri Aman,MY,2022-11-13 20:24:45,1.2376,111.4621,73.45,100,100,0.0
503,Bam,IR,2022-11-13 20:24:45,29.106,58.357,58.95,54,51,3.11
504,Luganville,VU,2022-11-13 20:24:46,-15.5333,167.1667,79.99,80,0,1.48
505,Godo,JP,2022-11-13 20:24:46,35.4167,136.6,58.98,95,41,8.12
506,Nueva Gerona,CU,2022-11-13 20:24:47,21.8833,-82.8,82.42,61,1,5.57
507,Meulaboh,ID,2022-11-13 20:25:47,4.1363,96.1285,73.85,94,100,2.66
508,Atengo,MX,2022-11-13 20:25:47,20.1667,-99.3333,77.29,29,4,5.41
509,Poso,ID,2022-11-13 20:25:48,-1.3959,120.7524,78.19,82,100,4.61
510,Batticaloa,LK,2022-11-13 20:25:48,7.7102,81.6924,77.23,84,100,2.64
511,Bonthe,SL,2022-11-13 20:25:48,7.5264,-12.505,79.27,80,90,4.76
512,Marica,BR,2022-11-13 20:25:49,-22.9194,-42.8186,78.75,81,53,6.13
513,Mossendjo,CG,2022-11-13 20:25:49,-2.9506,12.7261,70.34,98,100,1.99
514,Kirakira,SB,2022-11-13 20:25:49,-10.4544,161.9205,80.67,81,100,2.8
515,Thinadhoo,MV,2022-11-13 20:25:49,0.5333,72.9333,81.84,73,99,14.34
516,Finnsnes,NO,2022-11-13 20:25:50,69.2296,17.9811,34.41,99,100,6.55
517,Artesia,US,2022-11-13 20:25:50,33.8658,-118.0831,70.29,43,0,5.75
518,Sept-Iles,CA,2022-11-13 20:25:50,50.2001,-66.3821,28.06,91,100,9.22
519,Ostersund,SE,2022-11-13 20:25:51,63.1792,14.6357,37.85,100,0,18.01
520,Hami,CN,2022-11-13 20:25:51,42.8,93.45,33.93,46,6,4.79
521,Snyder,US,2022-11-13 20:25:51,32.7179,-100.9176,57.09,26,0,13.8
522,Bedesa,ET,2022-11-13 20:25:52,8.9,40.7833,61.02,54,5,3.62
523,Kapchorwa,UG,2022-11-13 20:25:52,1.3965,34.4509,58.77,81,100,3.0
524,Zhigansk,RU,2022-11-13 20:25:52,66.7697,123.3711,-10.21,97,100,7.52
525,Xuddur,SO,2022-11-13 20:25:53,4.1213,43.8894,76.06,65,2,8.12
526,Xianshuigu,CN,2022-11-13 20:25:53,38.985,117.3828,33.8,80,0,2.24
527,Komsomolskiy,UZ,2022-11-13 20:25:53,40.4272,71.7189,41.72,81,43,2.3
528,Bud,US,2022-11-13 20:25:54,39.447,-86.1758,39.15,61,13,7.11
529,Havre-Saint-Pierre,CA,2022-11-13 20:25:54,50.2334,-63.5986,28.4,80,100,10.36
530,Szczytno,PL,2022-11-13 20:25:54,53.5626,20.9875,49.93,100,75,2.3
531,Tapes,BR,2022-11-13 20:25:55,-30.6733,-51.3958,68.18,97,100,15.01
532,Amparafaravola,MG,2022-11-13 20:25:55,-17.5833,48.2167,67.41,79,99,4.81
533,Vila,PT,2022-11-13 20:25:55,42.0304,-8.1588,48.7,92,100,5.95
534,Hede,CN,2022-11-13 20:25:56,33.7681,120.2517,50.07,62,99,7.49
535,Yerbogachen,RU,2022-11-13 20:25:56,61.2767,108.0108,-11.94,87,100,7.2
536,Half Moon Bay,US,2022-11-13 20:24:46,37.4636,-122.4286,62.87,47,0,14.97
537,Kiruna,SE,2022-11-13 20:25:56,67.8557,20.2251,31.12,86,52,5.75
538,Fougamou,GA,2022-11-13 20:25:57,-1.2154,10.5838,73.67,98,100,2.24
539,Sungairaya,ID,2022-11-13 20:25:57,0.7,108.9,77.76,88,100,0.49
540,Katherine,AU,2022-11-13 20:25:57,-14.4667,132.2667,77.32,88,100,3.44
541,Mildura,AU,2022-11-13 20:25:58,-34.2,142.15,57.16,100,100,8.05
542,Ilhabela,BR,2022-11-13 20:25:58,-23.7781,-45.3581,74.46,83,32,5.37
543,Garowe,SO,2022-11-13 20:25:58,8.4054,48.4845,74.14,67,6,16.55
544,Mugumu,TZ,2022-11-13 20:25:59,-1.85,34.7,62.22,89,90,2.62
545,High Level,CA,2022-11-13 20:25:59,58.5169,-117.136,30.31,74,20,4.61
546,Gornopravdinsk,RU,2022-11-13 20:25:59,60.05,69.9,19.2,94,96,9.8
547,Mae Hong Son,TH,2022-11-13 20:26:00,19.3003,97.9685,66.34,82,10,2.04
548,Narsaq,GL,2022-11-13 20:26:00,60.9167,-46.05,44.82,59,100,17.6
549,Sao Gabriel Da Cachoeira,BR,2022-11-13 20:26:00,-0.1303,-67.0892,85.8,70,20,3.44
550,Kendallville,US,2022-11-13 20:26:01,41.4414,-85.265,36.39,74,100,6.91
551,Barentu,ER,2022-11-13 20:26:01,15.1139,37.5928,78.35,33,18,5.93
552,Hervey Bay,AU,2022-11-13 20:26:02,-25.2986,152.8535,72.97,74,60,14.7
553,Te Anau,NZ,2022-11-13 20:26:02,-45.4167,167.7167,54.37,76,44,1.25
554,Harper,LR,2022-11-13 20:26:03,4.375,-7.7169,78.84,82,100,6.89
555,Mashhad,IR,2022-11-13 20:27:03,36.297,59.6062,41.14,75,0,4.61
556,Creel,MX,2022-11-13 20:27:03,27.75,-107.6333,59.34,29,3,22.44
557,Villanueva De La Serena,ES,2022-11-13 20:27:04,38.9766,-5.7974,59.47,67,99,1.79
558,Khotyn,UA,2022-11-13 20:27:04,48.4833,26.5,43.63,90,5,3.06
559,Pinillos,CO,2022-11-13 20:27:05,8.9193,-74.4677,84.29,63,89,4.07
560,Uray,RU,2022-11-13 20:27:05,60.1247,64.7758,17.58,93,100,12.91
561,Jacareacanga,BR,2022-11-13 20:27:06,-6.2222,-57.7528,99.52,29,35,3.02
562,Road Town,VG,2022-11-13 20:27:06,18.4167,-64.6167,84.29,94,40,9.22
563,Watsa,CD,2022-11-13 20:27:07,3.0372,29.5355,64.65,97,100,2.1
564,Aberdeen,GB,2022-11-13 20:24:21,57.1437,-2.0981,52.48,100,100,11.5
565,Sekoma,BW,2022-11-13 20:27:07,-24.4,23.8833,74.44,40,0,11.65
566,Rawson,AR,2022-11-13 20:27:07,-43.3002,-65.1023,72.21,36,98,12.57
567,Copiapo,CL,2022-11-13 20:27:08,-27.3667,-70.3333,65.89,26,0,11.41
568,Churapcha,RU,2022-11-13 20:27:08,62.0025,132.4325,-19.16,100,100,0.81
569,Nouadhibou,MR,2022-11-13 20:27:09,20.931,-17.0347,69.78,88,0,13.8
570,Husavik,IS,2022-11-13 20:27:09,66.0449,-17.3389,41.59,97,100,9.66
571,Piterka,RU,2022-11-13 20:27:09,50.6803,47.4454,41.09,68,56,22.46
572,Menongue,AO,2022-11-13 20:27:10,-14.6585,17.691,78.19,31,90,3.38
573,Moose Factory,CA,2022-11-13 20:27:10,51.2585,-80.6094,26.6,93,75,6.91
